id,title,url,time
19137620283415,â­ã€Alphaçµæ„Ÿã€‘è‚¡ç¥¨æ”¶ç›Šæ˜¯çƒé˜Ÿè¿˜æ˜¯ç¡¬å¸ï¼Ÿ,https://support.worldquantbrain.com/hc/en-us/community/posts/19137620283415--Alpha%E7%81%B5%E6%84%9F-%E8%82%A1%E7%A5%A8%E6%94%B6%E7%9B%8A%E6%98%AF%E7%90%83%E9%98%9F%E8%BF%98%E6%98%AF%E7%A1%AC%E5%B8%81,
34392636397079,ã€è®ºå›è¡Œä¸ºæç¤ºã€‘è¯·ä¸è¦ä½¿ç”¨AIå®Œå…¨åˆ›ä½œè¿›è¡Œæ°´è´´,https://support.worldquantbrain.com/hc/en-us/community/posts/34392636397079--%E8%AE%BA%E5%9D%9B%E8%A1%8C%E4%B8%BA%E6%8F%90%E7%A4%BA-%E8%AF%B7%E4%B8%8D%E8%A6%81%E4%BD%BF%E7%94%A8AI%E5%AE%8C%E5%85%A8%E5%88%9B%E4%BD%9C%E8%BF%9B%E8%A1%8C%E6%B0%B4%E8%B4%B4,
32600981239319,ã€é¡¾é—®ç­¾çº¦è¿›åº¦å…¬ç¤ºã€‘é¡¾é—®ç”³è¯·å’ŒèƒŒè°ƒå®¡æ ¸æ’åºè§„åˆ™ä¸å½“å‘¨å®¡æ ¸åå•ï¼ˆå‘¨åº¦æ›´æ–°20251104ï¼‰,https://support.worldquantbrain.com/hc/en-us/community/posts/32600981239319--%E9%A1%BE%E9%97%AE%E7%AD%BE%E7%BA%A6%E8%BF%9B%E5%BA%A6%E5%85%AC%E7%A4%BA-%E9%A1%BE%E9%97%AE%E7%94%B3%E8%AF%B7%E5%92%8C%E8%83%8C%E8%B0%83%E5%AE%A1%E6%A0%B8%E6%8E%92%E5%BA%8F%E8%A7%84%E5%88%99%E4%B8%8E%E5%BD%93%E5%91%A8%E5%AE%A1%E6%A0%B8%E5%90%8D%E5%8D%95-%E5%91%A8%E5%BA%A6%E6%9B%B4%E6%96%B020251104,
32226888249239,ã€æ–°äººæŒ‡å—ã€‘åˆ°åº•è¦äº¤ä»€ä¹ˆæ ·çš„Alphaï¼Ÿ,https://support.worldquantbrain.com/hc/en-us/community/posts/32226888249239--%E6%96%B0%E4%BA%BA%E6%8C%87%E5%8D%97-%E5%88%B0%E5%BA%95%E8%A6%81%E4%BA%A4%E4%BB%80%E4%B9%88%E6%A0%B7%E7%9A%84Alpha,
31134702342167,é¦™æ¸¯åœ°åŒºçš„åŒå­¦å¦‚ä½•ç™»é™†ï¼Ÿ,https://support.worldquantbrain.com/hc/en-us/community/posts/31134702342167-%E9%A6%99%E6%B8%AF%E5%9C%B0%E5%8C%BA%E7%9A%84%E5%90%8C%E5%AD%A6%E5%A6%82%E4%BD%95%E7%99%BB%E9%99%86,
31709091332759,2025å¹´ç¬¬ä¸‰æœŸã€Šé›¶åŸºç¡€å­¦é‡åŒ–ã€‹ç³»åˆ—è¯¾ç¨‹Course 4ä½œä¸š:å†å²å­˜æ¡£,https://support.worldquantbrain.com/hc/en-us/community/posts/31709091332759-2025%E5%B9%B4%E7%AC%AC%E4%B8%89%E6%9C%9F-%E9%9B%B6%E5%9F%BA%E7%A1%80%E5%AD%A6%E9%87%8F%E5%8C%96-%E7%B3%BB%E5%88%97%E8%AF%BE%E7%A8%8BCourse-4%E4%BD%9C%E4%B8%9A-%E5%8E%86%E5%8F%B2%E5%AD%98%E6%A1%A3,
31630890241815,2025å¹´ç¬¬ä¸‰æœŸã€Šé›¶åŸºç¡€å­¦é‡åŒ–ã€‹ç³»åˆ—è¯¾ç¨‹Course 3ä½œä¸š:å†å²å­˜æ¡£,https://support.worldquantbrain.com/hc/en-us/community/posts/31630890241815-2025%E5%B9%B4%E7%AC%AC%E4%B8%89%E6%9C%9F-%E9%9B%B6%E5%9F%BA%E7%A1%80%E5%AD%A6%E9%87%8F%E5%8C%96-%E7%B3%BB%E5%88%97%E8%AF%BE%E7%A8%8BCourse-3%E4%BD%9C%E4%B8%9A-%E5%8E%86%E5%8F%B2%E5%AD%98%E6%A1%A3,
31553026311831,2025å¹´ç¬¬ä¸‰æœŸã€Šé›¶åŸºç¡€å­¦é‡åŒ–ã€‹ç³»åˆ—è¯¾ç¨‹Course 2ä½œä¸š:å†å²å­˜æ¡£,https://support.worldquantbrain.com/hc/en-us/community/posts/31553026311831-2025%E5%B9%B4%E7%AC%AC%E4%B8%89%E6%9C%9F-%E9%9B%B6%E5%9F%BA%E7%A1%80%E5%AD%A6%E9%87%8F%E5%8C%96-%E7%B3%BB%E5%88%97%E8%AF%BE%E7%A8%8BCourse-2%E4%BD%9C%E4%B8%9A-%E5%8E%86%E5%8F%B2%E5%AD%98%E6%A1%A3,
31482217692567,2025å¹´ç¬¬ä¸‰æœŸã€Šé›¶åŸºç¡€å­¦é‡åŒ–ã€‹ç³»åˆ—è¯¾ç¨‹Course 1ä½œä¸š:å†å²å­˜æ¡£,https://support.worldquantbrain.com/hc/en-us/community/posts/31482217692567-2025%E5%B9%B4%E7%AC%AC%E4%B8%89%E6%9C%9F-%E9%9B%B6%E5%9F%BA%E7%A1%80%E5%AD%A6%E9%87%8F%E5%8C%96-%E7%B3%BB%E5%88%97%E8%AF%BE%E7%A8%8BCourse-1%E4%BD%9C%E4%B8%9A-%E5%8E%86%E5%8F%B2%E5%AD%98%E6%A1%A3,
28643095649943,ã€æ–°äººç§‘æ™®ã€‘ä¸€æ–‡åŠ©ä½ æˆä¸ºBRAINå…¼èŒç ”ç©¶é¡¾é—®ï¼Ÿ,https://support.worldquantbrain.com/hc/en-us/community/posts/28643095649943--%E6%96%B0%E4%BA%BA%E7%A7%91%E6%99%AE-%E4%B8%80%E6%96%87%E5%8A%A9%E4%BD%A0%E6%88%90%E4%B8%BABRAIN%E5%85%BC%E8%81%8C%E7%A0%94%E7%A9%B6%E9%A1%BE%E9%97%AE,
28584425090455,ğŸ’ BRAINé‡åŒ–ç ”ç©¶é¡¾é—® - ç”³è¯·æµç¨‹è¯´æ˜,https://support.worldquantbrain.com/hc/en-us/community/posts/28584425090455--BRAIN%E9%87%8F%E5%8C%96%E7%A0%94%E7%A9%B6%E9%A1%BE%E9%97%AE-%E7%94%B3%E8%AF%B7%E6%B5%81%E7%A8%8B%E8%AF%B4%E6%98%8E,
28611992884631,ã€ç†è§£é¡¾é—®æ”¶å…¥è®¡ç®—ã€‘å»ºè®®æ‰€æœ‰æ–°é¡¾é—®éƒ½æ¥å­¦ä¹ ä¸€ä¸‹,https://support.worldquantbrain.com/hc/en-us/community/posts/28611992884631--%E7%90%86%E8%A7%A3%E9%A1%BE%E9%97%AE%E6%94%B6%E5%85%A5%E8%AE%A1%E7%AE%97-%E5%BB%BA%E8%AE%AE%E6%89%80%E6%9C%89%E6%96%B0%E9%A1%BE%E9%97%AE%E9%83%BD%E6%9D%A5%E5%AD%A6%E4%B9%A0%E4%B8%80%E4%B8%8B,
22863075241623,ã€å­¦ä¹ èµ„æ–™ã€‘BRAINå¹³å°è‡ªå­¦è·¯å¾„å›¾æ¨è,https://support.worldquantbrain.com/hc/en-us/community/posts/22863075241623--%E5%AD%A6%E4%B9%A0%E8%B5%84%E6%96%99-BRAIN%E5%B9%B3%E5%8F%B0%E8%87%AA%E5%AD%A6%E8%B7%AF%E5%BE%84%E5%9B%BE%E6%8E%A8%E8%8D%90,
29085671898775,Operatorå¤§å¸ˆ-ç”¨åŸºç¡€çš„operatorå®ç°å¤æ‚åŠŸèƒ½,https://support.worldquantbrain.com/hc/en-us/community/posts/29085671898775-Operator%E5%A4%A7%E5%B8%88-%E7%94%A8%E5%9F%BA%E7%A1%80%E7%9A%84operator%E5%AE%9E%E7%8E%B0%E5%A4%8D%E6%9D%82%E5%8A%9F%E8%83%BD,
26054361848343,å¯ä»¥å°è¯•ä½¿ç”¨çš„Alphaæ¨¡æ¿,https://support.worldquantbrain.com/hc/en-us/community/posts/26054361848343-%E5%8F%AF%E4%BB%A5%E5%B0%9D%E8%AF%95%E4%BD%BF%E7%94%A8%E7%9A%84Alpha%E6%A8%A1%E6%9D%BF,
24897131810839,ã€è®ºæ–‡åˆé›†ã€‘é‡åŒ–ç ”ç©¶æ¨èè®ºæ–‡(æŒç»­æ›´æ–°ä¸­ï¼‰,https://support.worldquantbrain.com/hc/en-us/community/posts/24897131810839--%E8%AE%BA%E6%96%87%E5%90%88%E9%9B%86-%E9%87%8F%E5%8C%96%E7%A0%94%E7%A9%B6%E6%8E%A8%E8%8D%90%E8%AE%BA%E6%96%87-%E6%8C%81%E7%BB%AD%E6%9B%B4%E6%96%B0%E4%B8%AD,
19273239621399,ã€Alphaçµæ„Ÿå¯ç¤ºå½•ã€‘åˆé›†ï¼ˆæŒç»­æ›´æ–°æ”¶å½•ä¸­ï¼‰,https://support.worldquantbrain.com/hc/en-us/community/posts/19273239621399--Alpha%E7%81%B5%E6%84%9F%E5%90%AF%E7%A4%BA%E5%BD%95-%E5%90%88%E9%9B%86-%E6%8C%81%E7%BB%AD%E6%9B%B4%E6%96%B0%E6%94%B6%E5%BD%95%E4%B8%AD,
15152019662487,ã€å­¦ä¹ èµ„æ–™ã€‘BRAINå°è´´å£«(è¿™é‡Œæœ‰ä½ æƒ³è¦çš„ç¡¬æ ¸å†…å®¹ï¼æŒç»­å‘¨æ›´ä¸­ï¼‰,https://support.worldquantbrain.com/hc/en-us/community/posts/15152019662487--%E5%AD%A6%E4%B9%A0%E8%B5%84%E6%96%99-BRAIN%E5%B0%8F%E8%B4%B4%E5%A3%AB-%E8%BF%99%E9%87%8C%E6%9C%89%E4%BD%A0%E6%83%B3%E8%A6%81%E7%9A%84%E7%A1%AC%E6%A0%B8%E5%86%85%E5%AE%B9-%E6%8C%81%E7%BB%AD%E5%91%A8%E6%9B%B4%E4%B8%AD,
35979549343127,ä»100ä¸ªalphaé‡ŒæŒ‘10ä¸ªï¼Ÿè¯•è¯•K-means + NLPè¿™ä¸ªç»„åˆ,https://support.worldquantbrain.com/hc/en-us/community/posts/35979549343127-%E4%BB%8E100%E4%B8%AAalpha%E9%87%8C%E6%8C%9110%E4%B8%AA-%E8%AF%95%E8%AF%95K-means-NLP%E8%BF%99%E4%B8%AA%E7%BB%84%E5%90%88,
35951496406551,ã€Alpha Miningã€‘åŸºäº AI Agent çš„å…¨è‡ªåŠ¨ Alpha æŒ–æ˜,https://support.worldquantbrain.com/hc/en-us/community/posts/35951496406551--Alpha-Mining-%E5%9F%BA%E4%BA%8E-AI-Agent-%E7%9A%84%E5%85%A8%E8%87%AA%E5%8A%A8-Alpha-%E6%8C%96%E6%8E%98,
